"Message",Low,"Starting .NET Native compilation"
"Message",Low,""
"Message",Low,""
"Message",Low,"Task ""Gatekeeper"""
"Message",Normal,"Launching 'C:\Program Files (x86)\Microsoft SDKs\NuGetPackagesFallback\microsoft.net.native.compiler\1.7.3\tools\x86\ilc\Tools\Gatekeeper.exe @""C:\Users\alex\Temp\DeployTest\DeployTest\obj\x86\Release\ilc\intermediate\gkargs.rsp""'"
"Message",Low,"Microsoft (R) .NET Native Gatekeeper Version 1.7.25927.00 "
"Message",Low,"Copyright (C) Microsoft Corporation.  All rights reserved. "
"Message",Low," "
"Message",Low,"Checking assembly 'C:\Users\alex\Temp\DeployTest\DeployTest\obj\x86\Release\ilc\in\DeployTest.exe'. "
"Message",Low,"Checking assembly 'C:\Users\alex\Temp\DeployTest\DeployTest\obj\x86\Release\ilc\in\Jitter.dll'. "
"Message",Low,"Checking assembly 'C:\Users\alex\Temp\DeployTest\DeployTest\obj\x86\Release\ilc\in\MonoGame.Framework.dll'. "
"Message",Low,"Checking assembly 'C:\Users\alex\Temp\DeployTest\DeployTest\obj\x86\Release\ilc\in\SharpDX.Direct2D1.dll'. "
"Message",Low,"Checking assembly 'C:\Users\alex\Temp\DeployTest\DeployTest\obj\x86\Release\ilc\in\SharpDX.Direct3D11.dll'. "
"Message",Low,"Checking assembly 'C:\Users\alex\Temp\DeployTest\DeployTest\obj\x86\Release\ilc\in\SharpDX.dll'. "
"Message",Low,"Checking assembly 'C:\Users\alex\Temp\DeployTest\DeployTest\obj\x86\Release\ilc\in\SharpDX.DXGI.dll'. "
"Message",Low,"Checking assembly 'C:\Users\alex\Temp\DeployTest\DeployTest\obj\x86\Release\ilc\in\SharpDX.MediaFoundation.dll'. "
"Message",Low,"Checking assembly 'C:\Users\alex\Temp\DeployTest\DeployTest\obj\x86\Release\ilc\in\SharpDX.XAudio2.dll'. "
"Message",Normal,"'C:\Program Files (x86)\Microsoft SDKs\NuGetPackagesFallback\microsoft.net.native.compiler\1.7.3\tools\x86\ilc\Tools\Gatekeeper.exe @""C:\Users\alex\Temp\DeployTest\DeployTest\obj\x86\Release\ilc\intermediate\gkargs.rsp""' completed."
"Message",Normal,"Process execution statistics (all times in milliseconds)"
"Message",Normal,"-----------------------------------------------------------------------------"
"Message",Normal,"launch  |  start   |   stop   |   end    | duration | lifetime | [slot] name"
"Message",Normal,"-----------------------------------------------------------------------------"
"Message",Normal,"       0 |       31 |      547 |      547 |      516 |      547 | [0] Gatekeeper"
"Message",Normal,"Number of commands:      1"
"Message",Normal,"Total system time:       547 ms"
"Message",Normal,"System time per command: 547 ms"
"Message",Normal,"Total duration:          516 ms"
"Message",Normal,"Total lifetime:          547 ms"
"Message",Normal,"Requested DOP:           8"
"Message",Normal,"Duration DOP:            0,9"
"Message",Normal,"Lifetime DOP:            1,0"
"Message",Low,"Done executing task ""Gatekeeper""."
"Message",Low,"Done building target ""RunGatekeeper"" in file ""Preparation""."
"Message",Low,""
"Message",Low,"Task ""InjectWindowsRuntimeTypeForwards"""
"Message",Normal,"Running 'InjectWindowsRuntimeTypeForwards' transform, heap at 15 MB."
"Message",Normal,"Running 'WriteAssemblies' transform, heap at 19 MB."
"Message",Normal,""
"Message",Normal,"Transform summary"
"Message",Normal,"    ms | heap delta | name"
"Message",Normal,"   324 |          4 | InjectWindowsRuntimeTypeForwards"
"Message",Normal,"   248 |          2 | WriteAssemblies"
"Message",Low,"Done executing task ""InjectWindowsRuntimeTypeForwards""."
"Message",Low,"Done building target ""InjectWindowRuntimeTypeForwards"" in file ""Preparation""."
"Message",Low,""
"Message",Low,"Task ""PreResolveAssemblyClosure"""
"Message",Low,"Done executing task ""PreResolveAssemblyClosure""."
"Message",Low,"Task ""PreResolveTransforms"""
"Message",Normal,"Running 'ResolveSelfReferences' transform, heap at 18 MB."
"Message",Normal,"Running 'RemoveDuplicateMembers' transform, heap at 57 MB."
"Message",Normal,"Running 'PortableLib' transform, heap at 57 MB."
"Message",Normal,"Running 'WriteAssemblies' transform, heap at 95 MB."
"Message",Normal,""
"Message",Normal,"Transform summary"
"Message",Normal,"    ms | heap delta | name"
"Message",Normal,"   404 |         39 | ResolveSelfReferences"
"Message",Normal,"   346 |         19 | WriteAssemblies"
"Message",Normal,"   292 |         38 | PortableLib"
"Message",Normal,"     0 |          0 | RemoveDuplicateMembers"
"Message",Low,"Done executing task ""PreResolveTransforms""."
"Message",Low,"Done building target ""PreResolveTransforms"" in file ""Preparation""."
"Message",Low,""
"Message",Low,"Task ""InitialAssemblyClosure"""
"Message",Low,"Done executing task ""InitialAssemblyClosure""."
"Message",Low,"Task ""ResolveInitialReferencesAssemblyClosure1"""
"Message",Low,"Done executing task ""ResolveInitialReferencesAssemblyClosure1""."
"Message",Low,"Task ""ResolveInitialReferencesAssemblyClosure2"""
"Message",Low,"Done executing task ""ResolveInitialReferencesAssemblyClosure2""."
"Message",Low,"Done building target ""ResolveInitialReferences"" in file ""Preparation""."
"Message",Low,"Done building project ""Preparation""."
"Message",Low,""
"Message",Low,""
"Message",High,"Processing application code"
"Message",Low,"Task ""ValidateSimpleNames"""
"Message",Low,"Done executing task ""ValidateSimpleNames""."
"Message",Low,"Task ""McgContractsResolveFilePath"""
"Message",Low,"Done executing task ""McgContractsResolveFilePath""."
"Message",Low,"Task ""McgFacadeResolveFilePath"""
"Message",Low,"Done executing task ""McgFacadeResolveFilePath""."
"Message",Low,"Task ""FinalAssemblyClosureRootsResolveFilePaths"""
"Message",Low,"Done executing task ""FinalAssemblyClosureRootsResolveFilePaths""."
"Message",Low,"Task ""FinalAssemblyClosure"""
"Message",Low,"Done executing task ""FinalAssemblyClosure""."
"Message",Low,"Task ""RunILTransforms"""
"Message",Normal,"Running 'Analysis' transform, heap at 75 MB."
"Message",Low,"Loading 71 modules..."
"Message",Normal,"Imported reflection directives from 15 files:"
"Message",Normal,"C:\Users\alex\Temp\DeployTest\DeployTest\obj\x86\Release\ilc\in\Properties\Default.rd.xml"
"Message",Normal,"Embedded manifest in System.Diagnostics.Tracing: Resources.System.Diagnostics.Tracing.rd.xml"
"Message",Normal,"Embedded manifest in System.Private.Reflection: System.Private.Reflection.rd.xml"
"Message",Normal,"Embedded manifest in System.Private.CoreLib: Resources.System.Private.CoreLib.rd.xml"
"Message",Normal,"Embedded manifest in System.Private.Uri: Resources.System.Private.Uri.rd.xml"
"Message",Normal,"Embedded manifest in System.Private.Reflection.Core: System.Private.Reflection.Core.rd.xml"
"Message",Normal,"Embedded manifest in System.Runtime.Serialization.Primitives: System.Runtime.Serialization.Primitives.Resources.System.Runtime.Serialization.Primitives.rd.xml"
"Message",Normal,"Embedded manifest in System.Private.PortableThunks: Resources.System.Private.PortableThunks.rd.xml"
"Message",Normal,"Embedded manifest in System.Linq.Expressions: Resources.System.Linq.Expressions.rd.xml"
"Message",Normal,"Embedded manifest in System.Dynamic.Runtime: Resources.System.Dynamic.Runtime.rd.xml"
"Message",Normal,"Embedded manifest in System.Private.Interop: Resources.System.Private.Interop.rd.xml"
"Message",Normal,"MonoGame.Framework"
"Message",Normal,"SharpDX.Direct2D1"
"Message",Normal,"SharpDX.DXGI"
"Message",Normal,"SharpDX"
"Message",Normal,"Imported XAML Roots from 1 files:"
"Message",Normal,"C:\Users\alex\Temp\DeployTest\DeployTest\obj\x86\Release\ilc\in\DeployTest.xr.xml"
"Message",Normal,"Running 'Mcg' transform, heap at 241 MB."
"Message",High,"Computing application closure and generating interop code"
"Message",Normal,"  List of .lib files:"
"Message",Normal,"      WindowsApp.lib"
"Message",Normal,"      winsqlite3.lib"
"Message",Normal,"  List of .lib search paths:"
"Message",Normal,"      C:\Program Files (x86)\Windows Kits\10\lib\10.0.14393.0\um\x86"
"Message",Normal,"  Loading exports from libs..."
"Message",Normal,"      2526 exports read from 'C:\Program Files (x86)\Windows Kits\10\lib\10.0.14393.0\um\x86\WindowsApp.lib'."
"Message",Normal,"      231 exports read from 'C:\Program Files (x86)\Windows Kits\10\lib\10.0.14393.0\um\x86\winsqlite3.lib'."
"Message",High,"  Loading 71 modules..."
"Message",Normal,"          P/Invoke '#4' resolved to 'd2d1.dll!#4' from 'C:\Program Files (x86)\Windows Kits\10\lib\10.0.14393.0\um\x86\WindowsApp.lib'."
"Message",Normal,"          P/Invoke '#5' resolved to 'd2d1.dll!#5' from 'C:\Program Files (x86)\Windows Kits\10\lib\10.0.14393.0\um\x86\WindowsApp.lib'."
"Message",Normal,"          P/Invoke '#3' resolved to 'd2d1.dll!#3' from 'C:\Program Files (x86)\Windows Kits\10\lib\10.0.14393.0\um\x86\WindowsApp.lib'."
"Message",Normal,"          P/Invoke '#1' resolved to 'd2d1.dll!#1' from 'C:\Program Files (x86)\Windows Kits\10\lib\10.0.14393.0\um\x86\WindowsApp.lib'."
"Message",Normal,"          P/Invoke '#2' resolved to 'd2d1.dll!#2' from 'C:\Program Files (x86)\Windows Kits\10\lib\10.0.14393.0\um\x86\WindowsApp.lib'."
"Message",Normal,"          P/Invoke '#10' resolved to 'd2d1.dll!#10' from 'C:\Program Files (x86)\Windows Kits\10\lib\10.0.14393.0\um\x86\WindowsApp.lib'."
"Message",Normal,"          P/Invoke '#11' resolved to 'd2d1.dll!#11' from 'C:\Program Files (x86)\Windows Kits\10\lib\10.0.14393.0\um\x86\WindowsApp.lib'."
"Message",Normal,"          P/Invoke '#9' resolved to 'd2d1.dll!#9' from 'C:\Program Files (x86)\Windows Kits\10\lib\10.0.14393.0\um\x86\WindowsApp.lib'."
"Message",Normal,"          P/Invoke '#7' resolved to 'd2d1.dll!#7' from 'C:\Program Files (x86)\Windows Kits\10\lib\10.0.14393.0\um\x86\WindowsApp.lib'."
"Message",Normal,"          P/Invoke '#6' resolved to 'd2d1.dll!#6' from 'C:\Program Files (x86)\Windows Kits\10\lib\10.0.14393.0\um\x86\WindowsApp.lib'."
"Message",Normal,"          P/Invoke '#8' resolved to 'd2d1.dll!#8' from 'C:\Program Files (x86)\Windows Kits\10\lib\10.0.14393.0\um\x86\WindowsApp.lib'."
"Message",Normal,"          P/Invoke '#12' resolved to 'd2d1.dll!#12' from 'C:\Program Files (x86)\Windows Kits\10\lib\10.0.14393.0\um\x86\WindowsApp.lib'."
"Message",Normal,"          P/Invoke 'DWriteCreateFactory' resolved to 'dwrite.dll!DWriteCreateFactory' from 'C:\Program Files (x86)\Windows Kits\10\lib\10.0.14393.0\um\x86\WindowsApp.lib'."
"Message",Normal,"          P/Invoke 'D3D11CreateDevice' resolved to 'd3d11.dll!D3D11CreateDevice' from 'C:\Program Files (x86)\Windows Kits\10\lib\10.0.14393.0\um\x86\WindowsApp.lib'."
"Message",Normal,"          P/Invoke 'FormatMessageW' resolved to 'api-ms-win-core-localization-l1-2-1.dll!FormatMessageW' from 'C:\Program Files (x86)\Windows Kits\10\lib\10.0.14393.0\um\x86\WindowsApp.lib'."
"Message",Normal,"          P/Invoke 'ReadFile' resolved to 'api-ms-win-core-file-l1-2-1.dll!ReadFile' from 'C:\Program Files (x86)\Windows Kits\10\lib\10.0.14393.0\um\x86\WindowsApp.lib'."
"Message",Normal,"          P/Invoke 'FlushFileBuffers' resolved to 'api-ms-win-core-file-l1-2-1.dll!FlushFileBuffers' from 'C:\Program Files (x86)\Windows Kits\10\lib\10.0.14393.0\um\x86\WindowsApp.lib'."
"Message",Normal,"          P/Invoke 'WriteFile' resolved to 'api-ms-win-core-file-l1-2-1.dll!WriteFile' from 'C:\Program Files (x86)\Windows Kits\10\lib\10.0.14393.0\um\x86\WindowsApp.lib'."
"Message",Normal,"          P/Invoke 'SetFilePointerEx' resolved to 'api-ms-win-core-file-l1-2-1.dll!SetFilePointerEx' from 'C:\Program Files (x86)\Windows Kits\10\lib\10.0.14393.0\um\x86\WindowsApp.lib'."
"Message",Normal,"          P/Invoke 'SetEndOfFile' resolved to 'api-ms-win-core-file-l1-2-1.dll!SetEndOfFile' from 'C:\Program Files (x86)\Windows Kits\10\lib\10.0.14393.0\um\x86\WindowsApp.lib'."
"Message",Normal,"          P/Invoke 'GetFileAttributesExW' resolved to 'api-ms-win-core-file-l1-2-1.dll!GetFileAttributesExW' from 'C:\Program Files (x86)\Windows Kits\10\lib\10.0.14393.0\um\x86\WindowsApp.lib'."
"Message",Normal,"          P/Invoke 'CreateFile2' resolved to 'api-ms-win-core-file-l1-2-1.dll!CreateFile2' from 'C:\Program Files (x86)\Windows Kits\10\lib\10.0.14393.0\um\x86\WindowsApp.lib'."
"Message",Normal,"          P/Invoke 'GetFileInformationByHandleEx' resolved to 'api-ms-win-core-file-l2-1-1.dll!GetFileInformationByHandleEx' from 'C:\Program Files (x86)\Windows Kits\10\lib\10.0.14393.0\um\x86\WindowsApp.lib'."
"Message",Normal,"          P/Invoke 'CoCreateInstanceFromApp' resolved to 'api-ms-win-core-com-l1-1-1.dll!CoCreateInstanceFromApp' from 'C:\Program Files (x86)\Windows Kits\10\lib\10.0.14393.0\um\x86\WindowsApp.lib'."
"Message",Normal,"          P/Invoke 'CloseHandle' resolved to 'api-ms-win-core-handle-l1-1-0.dll!CloseHandle' from 'C:\Program Files (x86)\Windows Kits\10\lib\10.0.14393.0\um\x86\WindowsApp.lib'."
"Message",Normal,"          P/Invoke 'GetProcAddress' resolved to 'api-ms-win-core-libraryloader-l1-2-0.dll!GetProcAddress' from 'C:\Program Files (x86)\Windows Kits\10\lib\10.0.14393.0\um\x86\WindowsApp.lib'."
"Message",Normal,"          P/Invoke 'CreateDXGIFactory1' resolved to 'dxgi.dll!CreateDXGIFactory1' from 'C:\Program Files (x86)\Windows Kits\10\lib\10.0.14393.0\um\x86\WindowsApp.lib'."
"Message",Normal,"          P/Invoke 'CreateDXGIFactory2' resolved to 'dxgi.dll!CreateDXGIFactory2' from 'C:\Program Files (x86)\Windows Kits\10\lib\10.0.14393.0\um\x86\WindowsApp.lib'."
"Message",Normal,"          P/Invoke 'MFStartup' resolved to 'mfplat.dll!MFStartup' from 'C:\Program Files (x86)\Windows Kits\10\lib\10.0.14393.0\um\x86\WindowsApp.lib'."
"Message",Normal,"          P/Invoke 'MFCreateMediaExtensionActivate' resolved to 'mfplat.dll!MFCreateMediaExtensionActivate' from 'C:\Program Files (x86)\Windows Kits\10\lib\10.0.14393.0\um\x86\WindowsApp.lib'."
"Message",Normal,"          P/Invoke 'MFCancelWorkItem' resolved to 'mfplat.dll!MFCancelWorkItem' from 'C:\Program Files (x86)\Windows Kits\10\lib\10.0.14393.0\um\x86\WindowsApp.lib'."
"Message",Normal,"          P/Invoke 'MFCreateAttributes' resolved to 'mfplat.dll!MFCreateAttributes' from 'C:\Program Files (x86)\Windows Kits\10\lib\10.0.14393.0\um\x86\WindowsApp.lib'."
"Message",Normal,"          P/Invoke 'MFCreateWaveFormatExFromMFMediaType' resolved to 'mfplat.dll!MFCreateWaveFormatExFromMFMediaType' from 'C:\Program Files (x86)\Windows Kits\10\lib\10.0.14393.0\um\x86\WindowsApp.lib'."
"Message",Normal,"          P/Invoke 'MFPutWaitingWorkItem' resolved to 'mfplat.dll!MFPutWaitingWorkItem' from 'C:\Program Files (x86)\Windows Kits\10\lib\10.0.14393.0\um\x86\WindowsApp.lib'."
"Message",Normal,"          P/Invoke 'MFCreateDXGISurfaceBuffer' resolved to 'mfplat.dll!MFCreateDXGISurfaceBuffer' from 'C:\Program Files (x86)\Windows Kits\10\lib\10.0.14393.0\um\x86\WindowsApp.lib'."
"Message",Normal,"          P/Invoke 'MFUnwrapMediaType' resolved to 'mfplat.dll!MFUnwrapMediaType' from 'C:\Program Files (x86)\Windows Kits\10\lib\10.0.14393.0\um\x86\WindowsApp.lib'."
"Message",Normal,"          P/Invoke 'MFllMulDiv' resolved to 'mfplat.dll!MFllMulDiv' from 'C:\Program Files (x86)\Windows Kits\10\lib\10.0.14393.0\um\x86\WindowsApp.lib'."
"Message",Normal,"          P/Invoke 'MFCopyImage' resolved to 'mfplat.dll!MFCopyImage' from 'C:\Program Files (x86)\Windows Kits\10\lib\10.0.14393.0\um\x86\WindowsApp.lib'."
"Message",Normal,"          P/Invoke 'MFPutWorkItem2' resolved to 'mfplat.dll!MFPutWorkItem2' from 'C:\Program Files (x86)\Windows Kits\10\lib\10.0.14393.0\um\x86\WindowsApp.lib'."
"Message",Normal,"          P/Invoke 'MFLockWorkQueue' resolved to 'mfplat.dll!MFLockWorkQueue' from 'C:\Program Files (x86)\Windows Kits\10\lib\10.0.14393.0\um\x86\WindowsApp.lib'."
"Message",Normal,"          P/Invoke 'MFInitMediaTypeFromWaveFormatEx' resolved to 'mfplat.dll!MFInitMediaTypeFromWaveFormatEx' from 'C:\Program Files (x86)\Windows Kits\10\lib\10.0.14393.0\um\x86\WindowsApp.lib'."
"Message",Normal,"          P/Invoke 'MFLockSharedWorkQueue' resolved to 'mfplat.dll!MFLockSharedWorkQueue' from 'C:\Program Files (x86)\Windows Kits\10\lib\10.0.14393.0\um\x86\WindowsApp.lib'."
"Message",Normal,"          P/Invoke 'MFGetAttributesAsBlobSize' resolved to 'mfplat.dll!MFGetAttributesAsBlobSize' from 'C:\Program Files (x86)\Windows Kits\10\lib\10.0.14393.0\um\x86\WindowsApp.lib'."
"Message",Normal,"          P/Invoke 'MFAllocateSerialWorkQueue' resolved to 'mfplat.dll!MFAllocateSerialWorkQueue' from 'C:\Program Files (x86)\Windows Kits\10\lib\10.0.14393.0\um\x86\WindowsApp.lib'."
"Message",Normal,"          P/Invoke 'MFInitAttributesFromBlob' resolved to 'mfplat.dll!MFInitAttributesFromBlob' from 'C:\Program Files (x86)\Windows Kits\10\lib\10.0.14393.0\um\x86\WindowsApp.lib'."
"Message",Normal,"          P/Invoke 'MFUnlockDXGIDeviceManager' resolved to 'mfplat.dll!MFUnlockDXGIDeviceManager' from 'C:\Program Files (x86)\Windows Kits\10\lib\10.0.14393.0\um\x86\WindowsApp.lib'."
"Message",Normal,"          P/Invoke 'MFCreateAsyncResult' resolved to 'mfplat.dll!MFCreateAsyncResult' from 'C:\Program Files (x86)\Windows Kits\10\lib\10.0.14393.0\um\x86\WindowsApp.lib'."
"Message",Normal,"          P/Invoke 'MFCreateDXGIDeviceManager' resolved to 'mfplat.dll!MFCreateDXGIDeviceManager' from 'C:\Program Files (x86)\Windows Kits\10\lib\10.0.14393.0\um\x86\WindowsApp.lib'."
"Message",Normal,"          P/Invoke 'MFCreateMediaBufferWrapper' resolved to 'mfplat.dll!MFCreateMediaBufferWrapper' from 'C:\Program Files (x86)\Windows Kits\10\lib\10.0.14393.0\um\x86\WindowsApp.lib'."
"Message",Normal,"          P/Invoke 'MFUnlockPlatform' resolved to 'mfplat.dll!MFUnlockPlatform' from 'C:\Program Files (x86)\Windows Kits\10\lib\10.0.14393.0\um\x86\WindowsApp.lib'."
"Message",Normal,"          P/Invoke 'MFCreateEventQueue' resolved to 'mfplat.dll!MFCreateEventQueue' from 'C:\Program Files (x86)\Windows Kits\10\lib\10.0.14393.0\um\x86\WindowsApp.lib'."
"Message",Normal,"          P/Invoke 'MFCreateSample' resolved to 'mfplat.dll!MFCreateSample' from 'C:\Program Files (x86)\Windows Kits\10\lib\10.0.14393.0\um\x86\WindowsApp.lib'."
"Message",Normal,"          P/Invoke 'MFCreateCollection' resolved to 'mfplat.dll!MFCreateCollection' from 'C:\Program Files (x86)\Windows Kits\10\lib\10.0.14393.0\um\x86\WindowsApp.lib'."
"Message",Normal,"          P/Invoke 'MFCreateVideoSampleAllocatorEx' resolved to 'mfplat.dll!MFCreateVideoSampleAllocatorEx' from 'C:\Program Files (x86)\Windows Kits\10\lib\10.0.14393.0\um\x86\WindowsApp.lib'."
"Message",Normal,"          P/Invoke 'MFInvokeCallback' resolved to 'mfplat.dll!MFInvokeCallback' from 'C:\Program Files (x86)\Windows Kits\10\lib\10.0.14393.0\um\x86\WindowsApp.lib'."
"Message",Normal,"          P/Invoke 'MFShutdown' resolved to 'mfplat.dll!MFShutdown' from 'C:\Program Files (x86)\Windows Kits\10\lib\10.0.14393.0\um\x86\WindowsApp.lib'."
"Message",Normal,"          P/Invoke 'MFLockDXGIDeviceManager' resolved to 'mfplat.dll!MFLockDXGIDeviceManager' from 'C:\Program Files (x86)\Windows Kits\10\lib\10.0.14393.0\um\x86\WindowsApp.lib'."
"Message",Normal,"          P/Invoke 'MFWrapMediaType' resolved to 'mfplat.dll!MFWrapMediaType' from 'C:\Program Files (x86)\Windows Kits\10\lib\10.0.14393.0\um\x86\WindowsApp.lib'."
"Message",Normal,"          P/Invoke 'MFCreateAlignedMemoryBuffer' resolved to 'mfplat.dll!MFCreateAlignedMemoryBuffer' from 'C:\Program Files (x86)\Windows Kits\10\lib\10.0.14393.0\um\x86\WindowsApp.lib'."
"Message",Normal,"          P/Invoke 'MFUnlockWorkQueue' resolved to 'mfplat.dll!MFUnlockWorkQueue' from 'C:\Program Files (x86)\Windows Kits\10\lib\10.0.14393.0\um\x86\WindowsApp.lib'."
"Message",Normal,"          P/Invoke 'MFLockPlatform' resolved to 'mfplat.dll!MFLockPlatform' from 'C:\Program Files (x86)\Windows Kits\10\lib\10.0.14393.0\um\x86\WindowsApp.lib'."
"Message",Normal,"          P/Invoke 'MFCreateMemoryBuffer' resolved to 'mfplat.dll!MFCreateMemoryBuffer' from 'C:\Program Files (x86)\Windows Kits\10\lib\10.0.14393.0\um\x86\WindowsApp.lib'."
"Message",Normal,"          P/Invoke 'MFGetAttributesAsBlob' resolved to 'mfplat.dll!MFGetAttributesAsBlob' from 'C:\Program Files (x86)\Windows Kits\10\lib\10.0.14393.0\um\x86\WindowsApp.lib'."
"Message",Normal,"          P/Invoke 'MFCreateMediaBufferFromMediaType' resolved to 'mfplat.dll!MFCreateMediaBufferFromMediaType' from 'C:\Program Files (x86)\Windows Kits\10\lib\10.0.14393.0\um\x86\WindowsApp.lib'."
"Message",Normal,"          P/Invoke 'MFCreateMediaEvent' resolved to 'mfplat.dll!MFCreateMediaEvent' from 'C:\Program Files (x86)\Windows Kits\10\lib\10.0.14393.0\um\x86\WindowsApp.lib'."
"Message",Normal,"          P/Invoke 'MFCreate2DMediaBuffer' resolved to 'mfplat.dll!MFCreate2DMediaBuffer' from 'C:\Program Files (x86)\Windows Kits\10\lib\10.0.14393.0\um\x86\WindowsApp.lib'."
"Message",Normal,"          P/Invoke 'MFCreateMediaType' resolved to 'mfplat.dll!MFCreateMediaType' from 'C:\Program Files (x86)\Windows Kits\10\lib\10.0.14393.0\um\x86\WindowsApp.lib'."
"Message",Normal,"          P/Invoke 'MFPutWorkItemEx2' resolved to 'mfplat.dll!MFPutWorkItemEx2' from 'C:\Program Files (x86)\Windows Kits\10\lib\10.0.14393.0\um\x86\WindowsApp.lib'."
"Message",Normal,"          P/Invoke 'MFCreatePropertiesFromMediaType' resolved to 'mfplat.dll!MFCreatePropertiesFromMediaType' from 'C:\Program Files (x86)\Windows Kits\10\lib\10.0.14393.0\um\x86\WindowsApp.lib'."
"Message",Normal,"          P/Invoke 'MFLoadSignedLibrary' resolved to 'mf.dll!MFLoadSignedLibrary' from 'C:\Program Files (x86)\Windows Kits\10\lib\10.0.14393.0\um\x86\WindowsApp.lib'."
"Message",Normal,"          P/Invoke 'MFGetService' resolved to 'mf.dll!MFGetService' from 'C:\Program Files (x86)\Windows Kits\10\lib\10.0.14393.0\um\x86\WindowsApp.lib'."
"Message",Normal,"          P/Invoke 'MFCreateMediaTypeFromProperties' resolved to 'mfplat.dll!MFCreateMediaTypeFromProperties' from 'C:\Program Files (x86)\Windows Kits\10\lib\10.0.14393.0\um\x86\WindowsApp.lib'."
"Message",Normal,"          P/Invoke 'MFCreateTrackedSample' resolved to 'mfplat.dll!MFCreateTrackedSample' from 'C:\Program Files (x86)\Windows Kits\10\lib\10.0.14393.0\um\x86\WindowsApp.lib'."
"Message",Normal,"          P/Invoke 'MFCreatePresentationDescriptor' resolved to 'mfplat.dll!MFCreatePresentationDescriptor' from 'C:\Program Files (x86)\Windows Kits\10\lib\10.0.14393.0\um\x86\WindowsApp.lib'."
"Message",Normal,"          P/Invoke 'MFCreateMFByteStreamOnStreamEx' resolved to 'mfplat.dll!MFCreateMFByteStreamOnStreamEx' from 'C:\Program Files (x86)\Windows Kits\10\lib\10.0.14393.0\um\x86\WindowsApp.lib'."
"Message",Normal,"          P/Invoke 'MFCreateSourceResolver' resolved to 'mfplat.dll!MFCreateSourceResolver' from 'C:\Program Files (x86)\Windows Kits\10\lib\10.0.14393.0\um\x86\WindowsApp.lib'."
"Message",Normal,"          P/Invoke 'MFCreateStreamDescriptor' resolved to 'mfplat.dll!MFCreateStreamDescriptor' from 'C:\Program Files (x86)\Windows Kits\10\lib\10.0.14393.0\um\x86\WindowsApp.lib'."
"Message",Normal,"          P/Invoke 'MFGetSystemTime' resolved to 'mfplat.dll!MFGetSystemTime' from 'C:\Program Files (x86)\Windows Kits\10\lib\10.0.14393.0\um\x86\WindowsApp.lib'."
"Message",Normal,"          P/Invoke 'MFCreateProtectedEnvironmentAccess' resolved to 'mf.dll!MFCreateProtectedEnvironmentAccess' from 'C:\Program Files (x86)\Windows Kits\10\lib\10.0.14393.0\um\x86\WindowsApp.lib'."
"Message",Normal,"          P/Invoke 'MFCreateAggregateSource' resolved to 'mf.dll!MFCreateAggregateSource' from 'C:\Program Files (x86)\Windows Kits\10\lib\10.0.14393.0\um\x86\WindowsApp.lib'."
"Message",Normal,"          P/Invoke 'MFGetSystemId' resolved to 'mf.dll!MFGetSystemId' from 'C:\Program Files (x86)\Windows Kits\10\lib\10.0.14393.0\um\x86\WindowsApp.lib'."
"Message",Normal,"          P/Invoke 'MFCreateStreamOnMFByteStreamEx' resolved to 'mfplat.dll!MFCreateStreamOnMFByteStreamEx' from 'C:\Program Files (x86)\Windows Kits\10\lib\10.0.14393.0\um\x86\WindowsApp.lib'."
"Message",Normal,"          P/Invoke 'MFGetLocalId' resolved to 'mf.dll!MFGetLocalId' from 'C:\Program Files (x86)\Windows Kits\10\lib\10.0.14393.0\um\x86\WindowsApp.lib'."
"Message",Normal,"          P/Invoke 'MFCreateSourceReaderFromByteStream' resolved to 'mfreadwrite.dll!MFCreateSourceReaderFromByteStream' from 'C:\Program Files (x86)\Windows Kits\10\lib\10.0.14393.0\um\x86\WindowsApp.lib'."
"Message",Normal,"          P/Invoke 'MFCreateSourceReaderFromURL' resolved to 'mfreadwrite.dll!MFCreateSourceReaderFromURL' from 'C:\Program Files (x86)\Windows Kits\10\lib\10.0.14393.0\um\x86\WindowsApp.lib'."
"Message",Normal,"          P/Invoke 'MFCreateSourceReaderFromMediaSource' resolved to 'mfreadwrite.dll!MFCreateSourceReaderFromMediaSource' from 'C:\Program Files (x86)\Windows Kits\10\lib\10.0.14393.0\um\x86\WindowsApp.lib'."
"Message",Normal,"          P/Invoke 'MFCreateSinkWriterFromURL' resolved to 'mfreadwrite.dll!MFCreateSinkWriterFromURL' from 'C:\Program Files (x86)\Windows Kits\10\lib\10.0.14393.0\um\x86\WindowsApp.lib'."
"Message",Normal,"          P/Invoke 'MFCreateSinkWriterFromMediaSink' resolved to 'mfreadwrite.dll!MFCreateSinkWriterFromMediaSink' from 'C:\Program Files (x86)\Windows Kits\10\lib\10.0.14393.0\um\x86\WindowsApp.lib'."
"Message",Normal,"          P/Invoke 'MFDeserializeAttributesFromStream' resolved to 'mfplat.dll!MFDeserializeAttributesFromStream' from 'C:\Program Files (x86)\Windows Kits\10\lib\10.0.14393.0\um\x86\WindowsApp.lib'."
"Message",Normal,"          P/Invoke 'MFSerializeAttributesToStream' resolved to 'mfplat.dll!MFSerializeAttributesToStream' from 'C:\Program Files (x86)\Windows Kits\10\lib\10.0.14393.0\um\x86\WindowsApp.lib'."
"Message",Normal,"          P/Invoke '#1' resolved to 'xaudio2_9.dll!#1' from 'C:\Program Files (x86)\Windows Kits\10\lib\10.0.14393.0\um\x86\WindowsApp.lib'."
"Message",Normal,"          P/Invoke '#2' resolved to 'xaudio2_9.dll!#2' from 'C:\Program Files (x86)\Windows Kits\10\lib\10.0.14393.0\um\x86\WindowsApp.lib'."
"Message",Normal,"          P/Invoke '#3' resolved to 'xaudio2_9.dll!#3' from 'C:\Program Files (x86)\Windows Kits\10\lib\10.0.14393.0\um\x86\WindowsApp.lib'."
"Message",Normal,"          P/Invoke '#5' resolved to 'xaudio2_9.dll!#5' from 'C:\Program Files (x86)\Windows Kits\10\lib\10.0.14393.0\um\x86\WindowsApp.lib'."
"Message",Normal,"          P/Invoke '#6' resolved to 'xaudio2_9.dll!#6' from 'C:\Program Files (x86)\Windows Kits\10\lib\10.0.14393.0\um\x86\WindowsApp.lib'."
"Message",Normal,"          P/Invoke '#4' resolved to 'xaudio2_9.dll!#4' from 'C:\Program Files (x86)\Windows Kits\10\lib\10.0.14393.0\um\x86\WindowsApp.lib'."
"Message",Normal,"          P/Invoke 'RhWaitForPendingFinalizers' with [DllImport(ExactSpelling=true)] resolved to '[MRT]!RhWaitForPendingFinalizers'."
"Message",Normal,"          P/Invoke 'RhYield' with [DllImport(ExactSpelling=true)] resolved to '[MRT]!RhYield'."
"Message",Normal,"          P/Invoke 'RhCompatibleReentrantWaitAny' with [DllImport(ExactSpelling=true)] resolved to '[MRT]!RhCompatibleReentrantWaitAny'."
"Message",Normal,"          P/Invoke '_ecvt_s' with [DllImport(ExactSpelling=true)] resolved to '[MRT]!_ecvt_s'."
"Message",Normal,"          P/Invoke 'memmove' with [DllImport(ExactSpelling=true)] resolved to '[MRT]!memmove'."
"Message",Normal,"          P/Invoke 'CallingConventionConverter_GetStubs' with [DllImport(ExactSpelling=true)] resolved to '*!CallingConventionConverter_GetStubs'."
"Message",Normal,"          P/Invoke 'GetLastError' resolved to 'api-ms-win-core-errorhandling-l1-1-1.dll!GetLastError' from 'C:\Program Files (x86)\Windows Kits\10\lib\10.0.14393.0\um\x86\WindowsApp.lib'."
"Message",Normal,"          P/Invoke 'RoInitialize' resolved to 'api-ms-win-core-winrt-l1-1-0.dll!RoInitialize' from 'C:\Program Files (x86)\Windows Kits\10\lib\10.0.14393.0\um\x86\WindowsApp.lib'."
"Message",Normal,"          P/Invoke 'IsValidLocaleName' resolved to 'api-ms-win-core-localization-l1-2-1.dll!IsValidLocaleName' from 'C:\Program Files (x86)\Windows Kits\10\lib\10.0.14393.0\um\x86\WindowsApp.lib'."
"Message",Normal,"          P/Invoke 'ResolveLocaleName' resolved to 'api-ms-win-core-localization-l1-2-1.dll!ResolveLocaleName' from 'C:\Program Files (x86)\Windows Kits\10\lib\10.0.14393.0\um\x86\WindowsApp.lib'."
"Message",Normal,"          P/Invoke 'GetCPInfoExW' resolved to 'api-ms-win-core-localization-l1-2-1.dll!GetCPInfoExW' from 'C:\Program Files (x86)\Windows Kits\10\lib\10.0.14393.0\um\x86\WindowsApp.lib'."
"Message",Normal,"          P/Invoke 'CoCreateInstance' with [DllImport(ExactSpelling=true)] resolved to 'api-ms-win-core-com-l1-1-0.dll!CoCreateInstance'."
"Message",Normal,"          P/Invoke '#6' resolved to 'oleaut32.dll!#6' from 'C:\Program Files (x86)\Windows Kits\10\lib\10.0.14393.0\um\x86\WindowsApp.lib'."
"Message",Normal,"          P/Invoke 'RoGetBufferMarshaler' resolved to 'api-ms-win-core-winrt-robuffer-l1-1-0.dll!RoGetBufferMarshaler' from 'C:\Program Files (x86)\Windows Kits\10\lib\10.0.14393.0\um\x86\WindowsApp.lib'."
"Message",High,"  Generating code..."
"Message",High,"  Interop code generated."
"Message",Normal,"  Written code to AssemblyInfo.g.cs"
"Message",Normal,"  Written code to Adapters.g.cs"
"Message",Normal,"  Written code to Data.g.cs"
"Message",Normal,"  Written code to Helpers.g.cs"
"Message",Normal,"  Written code to ImplTypes.g.cs"
"Message",Normal,"  Written code to PInvoke.g.cs"
"Message",Normal,"  Written code to SafeTypes.g.cs"
"Message",Normal,"  Written code to SharedStubs.g.cs"
"Message",Normal,"Running 'GenerateCodeAndCompile' transform, heap at 217 MB."
"Message",High,"Generating serialization code"
"Message",High,"Compiling interop code"
"Message",Normal,"Compiling generated source code: C:\Program Files (x86)\Microsoft SDKs\NuGetPackagesFallback\microsoft.net.native.compiler\1.7.3\tools\x86\ilc\csc\csc.exe /noconfig @""C:\Users\alex\Temp\DeployTest\DeployTest\obj\x86\Release\ilc\intermediate\DeployTest.McgInterop.rsp"""
"Message",High,"Generating System.Reflection.DispatchProxy proxy code."
"Message",Normal,"Running 'DumpNativeResources' transform, heap at 218 MB."
"Message",Normal,"Running 'ReducedCopyInitialize' transform, heap at 218 MB."
"Message",Normal,"Running 'ReducedCopyEmptyTypes' transform, heap at 245 MB."
"Message",Normal,"Running 'ReducedCopyPopulateTypes' transform, heap at 250 MB."
"Message",Normal,"Running 'ReducedCopyLateMetadata' transform, heap at 189 MB."
"Message",Normal,"Running 'ReducedCopyMethodBodies' transform, heap at 207 MB."
"Message",Normal,"Running 'ReducedCopyComplete' transform, heap at 249 MB."
"Message",Normal,"Running 'ReducedCopyCleanup' transform, heap at 238 MB."
"Message",Normal,"Running 'DeveloperExperienceModeOnlyCodeRemover' transform, heap at 79 MB."
"Message",Normal,"Running 'ComImportDetector' transform, heap at 85 MB."
"Message",Normal,"Running 'McgAccessor' transform, heap at 85 MB."
"Message",Normal,"Running 'McgRedirect' transform, heap at 86 MB."
"Message",Normal,"Running 'McgRedirect' transform, heap at 91 MB."
"Message",Normal,"Running 'McgTypeOf' transform, heap at 92 MB."
"Message",Normal,"Running 'ExceptionMiniaturizer' transform, heap at 98 MB."
"Message",Normal,"Running 'EventSource' transform, heap at 105 MB."
"Message",Normal,"Running 'ValueType' transform, heap at 106 MB."
"Message",Normal,"Running 'Attribute' transform, heap at 106 MB."
"Message",Normal,"Running 'GetType' transform, heap at 106 MB."
"Message",Normal,"Running 'McgFixups' transform, heap at 107 MB."
"Message",Normal,"Running 'ResourceManagerCtor' transform, heap at 108 MB."
"Message",Normal,"Running 'TypeofTypeHandle' transform, heap at 108 MB."
"Message",Normal,"Running 'DispatchProxyIntrinsics' transform, heap at 111 MB."
"Message",Normal,"Running 'StaticInitData' transform, heap at 111 MB."
"Message",Normal,"Running 'StartupCodeInjector' transform, heap at 122 MB."
"Message",Normal,"Running 'InjectAppContextSwitches' transform, heap at 122 MB."
"Message",Normal,"Running 'ImplementLibraryDynamicInvokeHelpers' transform, heap at 122 MB."
"Message",Normal,"Running 'Delegate' transform, heap at 122 MB."
"Message",Normal,"Running 'DelegateCtorCall' transform, heap at 134 MB."
"Message",Normal,"Running 'LazyGenerics' transform, heap at 136 MB."
"Message",Normal,"Running 'AddReflectionBlockedAttributes' transform, heap at 156 MB."
"Message",Normal,"Running 'DisableOptimization' transform, heap at 157 MB."
"Message",Normal,"Running 'CreateMetadata' transform, heap at 157 MB."
"Message",Normal,"Running 'SaveRVAStatics' transform, heap at 119 MB."
"Message",Normal,"Running 'ReflectionInvoke' transform, heap at 121 MB."
"Message",Normal,"Running 'ScrubOpenCalls' transform, heap at 126 MB."
"Message",Normal,"Running 'ConvertCatchIntoFilter' transform, heap at 126 MB."
"Message",Normal,"Running 'ReflectionMappingInfoEmit' transform, heap at 127 MB."
"Message",Normal,"Running 'ConvertManagedWinMD' transform, heap at 133 MB."
"Message",Normal,"Running 'Reducer' transform, heap at 133 MB."
"Message",High,"Cleaning up unreferenced code"
"Message",Normal,"Running 'WriteAssemblies' transform, heap at 178 MB."
"Message",Normal,""
"Message",Normal,"Transform summary"
"Message",Normal,"    ms | heap delta | name"
"Message",Normal,"  6175 |        166 | Analysis"
"Message",Normal,"  4042 |          1 | GenerateCodeAndCompile"
"Message",Normal,"  1921 |         93 | WriteAssemblies"
"Message",Normal,"  1351 |         45 | Reducer"
"Message",Normal,"  1034 |        -24 | Mcg"
"Message",Normal,"  1001 |        -38 | CreateMetadata"
"Message",Normal,"   810 |         27 | ReducedCopyInitialize"
"Message",Normal,"   363 |        -11 | ReducedCopyComplete"
"Message",Normal,"   240 |        -61 | ReducedCopyPopulateTypes"
"Message",Normal,"   220 |         42 | ReducedCopyMethodBodies"
"Message",Normal,"   122 |         11 | StaticInitData"
"Message",Normal,"   109 |          6 | McgTypeOf"
"Message",Normal,"   102 |         20 | LazyGenerics"
"Message",Normal,"    87 |         18 | ReducedCopyLateMetadata"
"Message",Normal,"    82 |          5 | McgRedirect"
"Message",Normal,"    78 |       -159 | ReducedCopyCleanup"
"Message",Normal,"    49 |         12 | Delegate"
"Message",Normal,"    43 |          1 | McgRedirect"
"Message",Normal,"    35 |          7 | ExceptionMiniaturizer"
"Message",Normal,"    34 |          3 | TypeofTypeHandle"
"Message",Normal,"    28 |          2 | DelegateCtorCall"
"Message",Normal,"    22 |          5 | ReducedCopyEmptyTypes"
"Message",Normal,"    19 |          5 | ReflectionInvoke"
"Message",Normal,"    19 |          2 | SaveRVAStatics"
"Message",Normal,"    16 |          1 | McgFixups"
"Message",Normal,"    13 |          6 | ReflectionMappingInfoEmit"
"Message",Normal,"    11 |          1 | McgAccessor"
"Message",Normal,"    11 |          1 | GetType"
"Message",Normal,"    10 |          0 | ValueType"
"Message",Normal,"    10 |          6 | DeveloperExperienceModeOnlyCodeRemover"
"Message",Normal,"    10 |          0 | StartupCodeInjector"
"Message",Normal,"     9 |          0 | DispatchProxyIntrinsics"
"Message",Normal,"     8 |          0 | ScrubOpenCalls"
"Message",Normal,"     7 |          0 | DumpNativeResources"
"Message",Normal,"     7 |          0 | Attribute"
"Message",Normal,"     6 |          1 | ConvertCatchIntoFilter"
"Message",Normal,"     3 |          1 | EventSource"
"Message",Normal,"     2 |          0 | ComImportDetector"
"Message",Normal,"     2 |          0 | ResourceManagerCtor"
"Message",Normal,"     1 |          1 | AddReflectionBlockedAttributes"
"Message",Normal,"     0 |          0 | DisableOptimization"
"Message",Normal,"     0 |          0 | InjectAppContextSwitches"
"Message",Normal,"     0 |          0 | ImplementLibraryDynamicInvokeHelpers"
"Message",Normal,"     0 |          0 | ConvertManagedWinMD"
"Message",Low,"Done executing task ""RunILTransforms""."
"Message",Low,"Done building target ""RunILTransforms"" in file ""ILTransforms""."
"Message",Low,"Done building project ""ILTransforms""."
"Message",Low,""
"Message",Low,""
"Message",Low,"Done building target ""GenerateMDIL"" in file ""Nutc""."
"Message",Low,""
"Message",High,"Generating native code"
"Message",Low,"Done building target ""MDILPrepareMultiFile"" in file ""Nutc""."
"Message",Low,""
"Message",Low,"Done building target ""SetBinaryForReferences"" in file ""Nutc""."
"Message",Low,""
"Message",Low,"Task ""GenerateMDILGlobalAnalysis"""
"Message",Normal,"Launching 'C:\Program Files (x86)\Microsoft SDKs\NuGetPackagesFallback\microsoft.net.native.compiler\1.7.3\tools\x86\ilc\Tools\nutc_driver.exe @""C:\Users\alex\Temp\DeployTest\DeployTest\obj\x86\Release\ilc\intermediate\MDIL\DeployTest.rsp""'"
"Message",Low,"Microsoft (R) MDIL Compiler - Version 1.7.25927.00"
"Message",Low,"Copyright (c) Microsoft Corporation.  All rights reserved."
"Message",Low,"Scanning input types"
"Message",Low,"Scanning 22229 methods."
"Message",Low,"Scanning 6148 methods."
"Message",Low,"Scanning 2125 methods."
"Message",Low,"Scanning 644 methods."
"Message",Low,"Scanning 2308 methods."
"Message",Low,"Scanning 1583 methods."
"Message",Low,"Scanning 446 methods."
"Message",Low,"Scanning 229 methods."
"Message",Low,"Scanning 88 methods."
"Message",Low,"Scanning 38 methods."
"Message",Low,"Scanning 22 methods."
"Message",Low,"Scanning 5 methods."
"Message",Low,"Scanning 4 methods."
"Message",Low,"Eager code generation"
"Message",Low,"Compiling 35869 methods."
"Message",Low,"Deferred code generation"
"Message",Low,"Compiling 1 methods."
"Message",Low,"Compiling 30 methods."
"Message",Low,"Successfully generated 'C:\Users\alex\Temp\DeployTest\DeployTest\obj\x86\Release\ilc\intermediate\MDIL\DeployTest.mdilexe'"
"Message",Low,"Successfully generated 'C:\Users\alex\Temp\DeployTest\DeployTest\obj\x86\Release\ilc\intermediate\MDIL\DeployTest.mdilpdb'"
"Message",Normal,"'C:\Program Files (x86)\Microsoft SDKs\NuGetPackagesFallback\microsoft.net.native.compiler\1.7.3\tools\x86\ilc\Tools\nutc_driver.exe @""C:\Users\alex\Temp\DeployTest\DeployTest\obj\x86\Release\ilc\intermediate\MDIL\DeployTest.rsp""' completed."
"Message",Normal,"Process execution statistics (all times in milliseconds)"
"Message",Normal,"-----------------------------------------------------------------------------"
"Message",Normal,"launch  |  start   |   stop   |   end    | duration | lifetime | [slot] name"
"Message",Normal,"-----------------------------------------------------------------------------"
"Message",Normal,"       0 |       15 |    20922 |    20922 |    20907 |    20922 | [0] Nutc GlobalAnalysis"
"Message",Normal,"Number of commands:      1"
"Message",Normal,"Total system time:       20922 ms"
"Message",Normal,"System time per command: 20922 ms"
"Message",Normal,"Total duration:          20907 ms"
"Message",Normal,"Total lifetime:          20922 ms"
"Message",Normal,"Requested DOP:           8"
"Message",Normal,"Duration DOP:            1,0"
"Message",Normal,"Lifetime DOP:            1,0"
"Message",Low,"Done executing task ""GenerateMDILGlobalAnalysis""."
"Message",Low,"Done building target ""GenerateMDILGlobalAnalysis"" in file ""Nutc""."
"Message",Low,""
"Message",Low,"Task ""rc"""
"Message",Normal,"Launching 'C:\Program Files (x86)\Windows Kits\10\bin\x64\rc.exe /c ""65001"" /r /fo ""C:\Users\alex\Temp\DeployTest\DeployTest\obj\x86\Release\ilc\intermediate\BuildInfo\BuildInfo.res"" ""C:\Users\alex\Temp\DeployTest\DeployTest\obj\x86\Release\ilc\intermediate\BuildInfo\BuildInfo.rc""'"
"Message",Low,"Microsoft (R) Windows (R) Resource Compiler Version 10.0.10011.16384"
"Message",Low,"Copyright (C) Microsoft Corporation.  All rights reserved."
"Message",Normal,"'C:\Program Files (x86)\Windows Kits\10\bin\x64\rc.exe /c ""65001"" /r /fo ""C:\Users\alex\Temp\DeployTest\DeployTest\obj\x86\Release\ilc\intermediate\BuildInfo\BuildInfo.res"" ""C:\Users\alex\Temp\DeployTest\DeployTest\obj\x86\Release\ilc\intermediate\BuildInfo\BuildInfo.rc""' completed."
"Message",Normal,"Process execution statistics (all times in milliseconds)"
"Message",Normal,"-----------------------------------------------------------------------------"
"Message",Normal,"launch  |  start   |   stop   |   end    | duration | lifetime | [slot] name"
"Message",Normal,"-----------------------------------------------------------------------------"
"Message",Normal,"       0 |       15 |       62 |       62 |       47 |       62 | [0] rc"
"Message",Normal,"Number of commands:      1"
"Message",Normal,"Total system time:       62 ms"
"Message",Normal,"System time per command: 62 ms"
"Message",Normal,"Total duration:          47 ms"
"Message",Normal,"Total lifetime:          62 ms"
"Message",Normal,"Requested DOP:           8"
"Message",Normal,"Duration DOP:            0,8"
"Message",Normal,"Lifetime DOP:            1,0"
"Message",Low,"Done executing task ""rc""."
"Message",Low,"Task ""ResourceBinaryConcatenate"""
"Message",Normal,"Concatenating into 'C:\Users\alex\Temp\DeployTest\DeployTest\obj\x86\Release\ilc\intermediate\Native.res' with alignment '4'."
"Message",Normal," Added 'C:\Users\alex\Temp\DeployTest\DeployTest\obj\x86\Release\ilc\intermediate\ILTransformed\DeployTest.res' at offset 0."
"Message",Normal," Added 'C:\Users\alex\Temp\DeployTest\DeployTest\obj\x86\Release\ilc\intermediate\BuildInfo\BuildInfo.res' at offset 1400."
"Message",Low,"Done executing task ""ResourceBinaryConcatenate""."
"Message",Low,"Done building target ""GenerateBuildInfo"" in file ""Nutc""."
"Message",Low,"Done building project ""Nutc""."
"Message",Low,""
"Message",Low,""
"Message",Low,"Done building target ""MDILBindPrepare"" in file ""Binder""."
"Message",Low,""
"Message",High,"Generating fixups for native code"
"Message",Low,"Task ""MDILBind"""
"Message",Normal,"Launching 'C:\Program Files (x86)\Microsoft SDKs\NuGetPackagesFallback\microsoft.net.native.compiler\1.7.3\tools\x86\ilc\Tools\rhbind.exe @""C:\Users\alex\Temp\DeployTest\DeployTest\obj\x86\Release\ilc\intermediate\rhbindargs.DeployTest.rsp""'"
"Message",Low,"OS VERSION: major: 6  minor: 2"
"Message",Low,"MDIL: C:\Users\alex\Temp\DeployTest\DeployTest\obj\x86\Release\ilc\intermediate\MDIL\DeployTest.mdilexe"
"Message",Low,"MDILPDB: C:\Users\alex\Temp\DeployTest\DeployTest\obj\x86\Release\ilc\intermediate\MDIL\DeployTest.mdilpdb"
"Message",Low,"IL: C:\Users\alex\Temp\DeployTest\DeployTest\obj\x86\Release\ilc\intermediate\MDIL\DeployTest.ilexe"
"Message",Low,"NI: C:\Users\alex\Temp\DeployTest\DeployTest\obj\x86\Release\ilc\intermediate\Native\DeployTest.dll"
"Message",Low,"SHIM: C:\Users\alex\Temp\DeployTest\DeployTest\obj\x86\Release\ilc\intermediate\Native\DeployTest.exe"
"Message",Low,"REDHAWK_RUNTIME_DLL_NAME_A=mrt100_app.dll"
"Message",Low,"pdb: C:\Users\alex\Temp\DeployTest\DeployTest\obj\x86\Release\ilc\intermediate\Native\DeployTest.pdb"
"Message",Low,"Produced C:\Users\alex\Temp\DeployTest\DeployTest\obj\x86\Release\ilc\intermediate\Native\DeployTest.dll in 1.593 seconds"
"Message",Normal,"'C:\Program Files (x86)\Microsoft SDKs\NuGetPackagesFallback\microsoft.net.native.compiler\1.7.3\tools\x86\ilc\Tools\rhbind.exe @""C:\Users\alex\Temp\DeployTest\DeployTest\obj\x86\Release\ilc\intermediate\rhbindargs.DeployTest.rsp""' completed."
"Message",Normal,"Process execution statistics (all times in milliseconds)"
"Message",Normal,"-----------------------------------------------------------------------------"
"Message",Normal,"launch  |  start   |   stop   |   end    | duration | lifetime | [slot] name"
"Message",Normal,"-----------------------------------------------------------------------------"
"Message",Normal,"       0 |       15 |     1625 |     1625 |     1610 |     1625 | [0] rhbind DeployTest"
"Message",Normal,"Number of commands:      1"
"Message",Normal,"Total system time:       1625 ms"
"Message",Normal,"System time per command: 1625 ms"
"Message",Normal,"Total duration:          1610 ms"
"Message",Normal,"Total lifetime:          1625 ms"
"Message",Normal,"Requested DOP:           8"
"Message",Normal,"Duration DOP:            1,0"
"Message",Normal,"Lifetime DOP:            1,0"
"Message",Low,"Done executing task ""MDILBind""."
"Message",Low,"Done building target ""MDILBind"" in file ""Binder""."
"Message",Low,"Done building project ""Binder""."
"Message",Low,""
"Message",Low,""
"Message",Low,"Done building target ""CopyNativeExecutablesToOutput"" in file ""Deployment""."
"Message",Low,""
"Message",Low,"Done building target ""CopyExtractedResourcesToOutput"" in file ""Deployment""."
"Message",Low,""
"Message",Low,"Task ""TransformAppxManifest"""
"Message",Low,"Done executing task ""TransformAppxManifest""."
"Message",Low,"Done building target ""TransformAppxManifestAndAddCrt"" in file ""Deployment""."
"Message",Low,""
"Message",Low,"Done building target ""CopyPackageResourceFileInRetailBuild"" in file ""Deployment""."
"Message",Low,"Done building project ""Deployment""."
"Message",Low,"Compilation finished"
